90,94,REACHING_DEF,
90,95,REACHING_DEF,
90,93,REACHING_DEF,
93,411,REACHING_DEF,arg
94,412,REACHING_DEF,arg1
95,413,REACHING_DEF,arg2
96,130,REACHING_DEF,
96,158,REACHING_DEF,
96,226,REACHING_DEF,
96,194,REACHING_DEF,
96,232,REACHING_DEF,
96,209,REACHING_DEF,
96,246,REACHING_DEF,
96,280,REACHING_DEF,
96,170,REACHING_DEF,
96,261,REACHING_DEF,
96,126,REACHING_DEF,
96,199,REACHING_DEF,
96,235,REACHING_DEF,
96,210,REACHING_DEF,
96,186,REACHING_DEF,
96,220,REACHING_DEF,
96,251,REACHING_DEF,
96,287,REACHING_DEF,
96,278,REACHING_DEF,
96,189,REACHING_DEF,
96,283,REACHING_DEF,
96,216,REACHING_DEF,
96,180,REACHING_DEF,
96,204,REACHING_DEF,
96,155,REACHING_DEF,
96,173,REACHING_DEF,
96,241,REACHING_DEF,
96,200,REACHING_DEF,
96,256,REACHING_DEF,
96,228,REACHING_DEF,
96,125,REACHING_DEF,
96,250,REACHING_DEF,
96,165,REACHING_DEF,
96,150,REACHING_DEF,
96,136,REACHING_DEF,
96,274,REACHING_DEF,
96,139,REACHING_DEF,
96,222,REACHING_DEF,
96,132,REACHING_DEF,
96,284,REACHING_DEF,
96,146,REACHING_DEF,
96,149,REACHING_DEF,
96,176,REACHING_DEF,
96,197,REACHING_DEF,
96,245,REACHING_DEF,
96,182,REACHING_DEF,
96,264,REACHING_DEF,
96,99,REACHING_DEF,
96,214,REACHING_DEF,
96,175,REACHING_DEF,
96,162,REACHING_DEF,
96,206,REACHING_DEF,
99,125,REACHING_DEF,sig.arg
99,414,REACHING_DEF,sig.arg
125,127,REACHING_DEF,sig.arg
125,128,REACHING_DEF,sig.arg
125,414,REACHING_DEF,sig.arg
125,97,REACHING_DEF,sig.arg
127,128,REACHING_DEF,*sig.addr
127,131,REACHING_DEF,*sig.addr
127,130,REACHING_DEF,*sig.addr
129,134,REACHING_DEF,tmp
129,97,REACHING_DEF,tmp
131,133,REACHING_DEF,*sig.addr
131,97,REACHING_DEF,*sig.addr
132,131,REACHING_DEF,0
132,133,REACHING_DEF,0
133,129,REACHING_DEF,*sig.addr != 0
133,134,REACHING_DEF,*sig.addr != 0
133,97,REACHING_DEF,*sig.addr != 0
135,146,REACHING_DEF,tmp5
135,143,REACHING_DEF,tmp5
136,137,REACHING_DEF,0
137,209,REACHING_DEF,&0
137,139,REACHING_DEF,&0
137,222,REACHING_DEF,&0
137,138,REACHING_DEF,&0
137,158,REACHING_DEF,&0
137,97,REACHING_DEF,&0
138,142,REACHING_DEF,*&0
138,97,REACHING_DEF,*&0
139,140,REACHING_DEF,0
140,209,REACHING_DEF,&0
140,222,REACHING_DEF,&0
140,141,REACHING_DEF,&0
140,158,REACHING_DEF,&0
140,97,REACHING_DEF,&0
141,142,REACHING_DEF,*&0
141,97,REACHING_DEF,*&0
142,135,REACHING_DEF,*&0 + *&0
142,143,REACHING_DEF,*&0 + *&0
142,97,REACHING_DEF,*&0 + *&0
144,148,REACHING_DEF,tmp6
144,149,REACHING_DEF,tmp6
146,147,REACHING_DEF,tmp5
146,97,REACHING_DEF,tmp5
147,144,REACHING_DEF,(i32)tmp5
147,148,REACHING_DEF,(i32)tmp5
147,97,REACHING_DEF,(i32)tmp5
149,152,REACHING_DEF,tmp6
149,153,REACHING_DEF,tmp6
149,97,REACHING_DEF,tmp6
150,151,REACHING_DEF,1
151,280,REACHING_DEF,&1
151,155,REACHING_DEF,&1
151,232,REACHING_DEF,&1
151,97,REACHING_DEF,&1
152,156,REACHING_DEF,*&1
152,153,REACHING_DEF,*&1
154,160,REACHING_DEF,tmp7
154,97,REACHING_DEF,tmp7
155,156,REACHING_DEF,1
156,280,REACHING_DEF,&1
156,232,REACHING_DEF,&1
156,157,REACHING_DEF,&1
156,97,REACHING_DEF,&1
157,159,REACHING_DEF,*&1
157,233,REACHING_DEF,*&1
157,97,REACHING_DEF,*&1
158,157,REACHING_DEF,0
158,159,REACHING_DEF,0
159,154,REACHING_DEF,*&1 != 0
159,160,REACHING_DEF,*&1 != 0
159,97,REACHING_DEF,*&1 != 0
161,167,REACHING_DEF,tmp8
161,97,REACHING_DEF,tmp8
162,163,REACHING_DEF,nullptr
163,164,REACHING_DEF,&nullptr
163,165,REACHING_DEF,&nullptr
163,189,REACHING_DEF,&nullptr
163,264,REACHING_DEF,&nullptr
163,170,REACHING_DEF,&nullptr
163,182,REACHING_DEF,&nullptr
163,186,REACHING_DEF,&nullptr
163,194,REACHING_DEF,&nullptr
163,206,REACHING_DEF,&nullptr
163,97,REACHING_DEF,&nullptr
164,166,REACHING_DEF,*&nullptr
164,171,REACHING_DEF,*&nullptr
164,187,REACHING_DEF,*&nullptr
165,164,REACHING_DEF,nullptr
165,166,REACHING_DEF,nullptr
166,161,REACHING_DEF,*&nullptr != nullptr
166,167,REACHING_DEF,*&nullptr != nullptr
166,97,REACHING_DEF,*&nullptr != nullptr
168,175,REACHING_DEF,tmp9
168,174,REACHING_DEF,tmp9
169,168,REACHING_DEF,"fopen(*&nullptr, w)"
169,174,REACHING_DEF,"fopen(*&nullptr, w)"
169,97,REACHING_DEF,"fopen(*&nullptr, w)"
170,171,REACHING_DEF,nullptr
171,189,REACHING_DEF,&nullptr
171,172,REACHING_DEF,&nullptr
171,264,REACHING_DEF,&nullptr
171,182,REACHING_DEF,&nullptr
171,186,REACHING_DEF,&nullptr
171,194,REACHING_DEF,&nullptr
171,206,REACHING_DEF,&nullptr
171,97,REACHING_DEF,&nullptr
172,169,REACHING_DEF,*&nullptr
172,187,REACHING_DEF,*&nullptr
172,97,REACHING_DEF,*&nullptr
173,172,REACHING_DEF,w
173,169,REACHING_DEF,w
175,177,REACHING_DEF,tmp9
175,178,REACHING_DEF,tmp9
175,97,REACHING_DEF,tmp9
177,181,REACHING_DEF,*out.addr
177,178,REACHING_DEF,*out.addr
177,180,REACHING_DEF,*out.addr
179,184,REACHING_DEF,tmp10
179,97,REACHING_DEF,tmp10
181,183,REACHING_DEF,*out.addr
181,97,REACHING_DEF,*out.addr
182,181,REACHING_DEF,nullptr
182,183,REACHING_DEF,nullptr
183,179,REACHING_DEF,*out.addr != nullptr
183,184,REACHING_DEF,*out.addr != nullptr
183,97,REACHING_DEF,*out.addr != nullptr
185,191,REACHING_DEF,tmp11
185,97,REACHING_DEF,tmp11
186,187,REACHING_DEF,nullptr
187,188,REACHING_DEF,&nullptr
187,189,REACHING_DEF,&nullptr
187,264,REACHING_DEF,&nullptr
187,194,REACHING_DEF,&nullptr
187,206,REACHING_DEF,&nullptr
187,97,REACHING_DEF,&nullptr
188,190,REACHING_DEF,*&nullptr
188,195,REACHING_DEF,*&nullptr
188,97,REACHING_DEF,*&nullptr
189,188,REACHING_DEF,nullptr
189,190,REACHING_DEF,nullptr
190,185,REACHING_DEF,*&nullptr != nullptr
190,191,REACHING_DEF,*&nullptr != nullptr
190,97,REACHING_DEF,*&nullptr != nullptr
192,198,REACHING_DEF,tmp13
192,199,REACHING_DEF,tmp13
193,192,REACHING_DEF,"fopen(*&nullptr, w)"
193,198,REACHING_DEF,"fopen(*&nullptr, w)"
193,97,REACHING_DEF,"fopen(*&nullptr, w)"
194,195,REACHING_DEF,nullptr
195,264,REACHING_DEF,&nullptr
195,196,REACHING_DEF,&nullptr
195,206,REACHING_DEF,&nullptr
195,97,REACHING_DEF,&nullptr
196,265,REACHING_DEF,*&nullptr
196,193,REACHING_DEF,*&nullptr
196,97,REACHING_DEF,*&nullptr
197,196,REACHING_DEF,w
197,193,REACHING_DEF,w
199,201,REACHING_DEF,tmp13
199,202,REACHING_DEF,tmp13
199,97,REACHING_DEF,tmp13
201,205,REACHING_DEF,*out.addr12
201,204,REACHING_DEF,*out.addr12
201,202,REACHING_DEF,*out.addr12
203,208,REACHING_DEF,tmp14
203,97,REACHING_DEF,tmp14
205,207,REACHING_DEF,*out.addr12
205,97,REACHING_DEF,*out.addr12
206,205,REACHING_DEF,nullptr
206,207,REACHING_DEF,nullptr
207,203,REACHING_DEF,*out.addr12 != nullptr
207,208,REACHING_DEF,*out.addr12 != nullptr
207,97,REACHING_DEF,*out.addr12 != nullptr
209,211,REACHING_DEF,0
209,212,REACHING_DEF,0
211,212,REACHING_DEF,*i.addr
211,214,REACHING_DEF,*i.addr
211,215,REACHING_DEF,*i.addr
213,218,REACHING_DEF,tmp15
213,97,REACHING_DEF,tmp15
215,221,REACHING_DEF,*i.addr
215,220,REACHING_DEF,*i.addr
215,217,REACHING_DEF,*i.addr
215,97,REACHING_DEF,*i.addr
216,215,REACHING_DEF,100
216,217,REACHING_DEF,100
217,213,REACHING_DEF,*i.addr < 100
217,218,REACHING_DEF,*i.addr < 100
217,97,REACHING_DEF,*i.addr < 100
219,224,REACHING_DEF,tmp16
219,97,REACHING_DEF,tmp16
221,279,REACHING_DEF,*i.addr
221,226,REACHING_DEF,*i.addr
221,223,REACHING_DEF,*i.addr
221,227,REACHING_DEF,*i.addr
221,278,REACHING_DEF,*i.addr
222,221,REACHING_DEF,0
222,223,REACHING_DEF,0
223,219,REACHING_DEF,*i.addr == 0
223,224,REACHING_DEF,*i.addr == 0
223,97,REACHING_DEF,*i.addr == 0
225,230,REACHING_DEF,tmp17
225,97,REACHING_DEF,tmp17
227,279,REACHING_DEF,*i.addr
227,236,REACHING_DEF,*i.addr
227,235,REACHING_DEF,*i.addr
227,229,REACHING_DEF,*i.addr
227,278,REACHING_DEF,*i.addr
228,227,REACHING_DEF,100
228,229,REACHING_DEF,100
229,225,REACHING_DEF,*i.addr == 100
229,230,REACHING_DEF,*i.addr == 100
229,97,REACHING_DEF,*i.addr == 100
231,238,REACHING_DEF,tmp18
231,241,REACHING_DEF,tmp18
232,233,REACHING_DEF,1
233,280,REACHING_DEF,&1
233,234,REACHING_DEF,&1
233,232,REACHING_DEF,&1
233,97,REACHING_DEF,&1
234,236,REACHING_DEF,*&1
234,237,REACHING_DEF,*&1
234,233,REACHING_DEF,*&1
234,97,REACHING_DEF,*&1
236,279,REACHING_DEF,*i.addr
236,234,REACHING_DEF,*i.addr
236,237,REACHING_DEF,*i.addr
236,278,REACHING_DEF,*i.addr
237,231,REACHING_DEF,*&1 * *i.addr
237,238,REACHING_DEF,*&1 * *i.addr
237,97,REACHING_DEF,*&1 * *i.addr
239,245,REACHING_DEF,tmp19
239,243,REACHING_DEF,tmp19
241,242,REACHING_DEF,tmp18
241,97,REACHING_DEF,tmp18
242,239,REACHING_DEF,(double)tmp18
242,243,REACHING_DEF,(double)tmp18
242,97,REACHING_DEF,(double)tmp18
244,251,REACHING_DEF,tmp20
244,248,REACHING_DEF,tmp20
245,247,REACHING_DEF,tmp19
245,97,REACHING_DEF,tmp19
246,245,REACHING_DEF,100
246,247,REACHING_DEF,100
247,244,REACHING_DEF,tmp19 / 100
247,248,REACHING_DEF,tmp19 / 100
247,97,REACHING_DEF,tmp19 / 100
249,256,REACHING_DEF,tmp21
249,253,REACHING_DEF,tmp21
250,252,REACHING_DEF,0.5
251,252,REACHING_DEF,tmp20
251,97,REACHING_DEF,tmp20
252,249,REACHING_DEF,0.5 + tmp20
252,253,REACHING_DEF,0.5 + tmp20
252,97,REACHING_DEF,0.5 + tmp20
254,261,REACHING_DEF,tmp22
254,258,REACHING_DEF,tmp22
256,257,REACHING_DEF,tmp21
256,97,REACHING_DEF,tmp21
257,254,REACHING_DEF,(i32)tmp21
257,258,REACHING_DEF,(i32)tmp21
257,97,REACHING_DEF,(i32)tmp21
259,263,REACHING_DEF,tmp23
259,97,REACHING_DEF,tmp23
261,262,REACHING_DEF,tmp22
261,97,REACHING_DEF,tmp22
262,259,REACHING_DEF,(i64)tmp22
262,263,REACHING_DEF,(i64)tmp22
262,97,REACHING_DEF,(i64)tmp22
264,265,REACHING_DEF,nullptr
265,268,REACHING_DEF,&nullptr
265,264,REACHING_DEF,&nullptr
265,266,REACHING_DEF,&nullptr
265,270,REACHING_DEF,&nullptr
265,97,REACHING_DEF,&nullptr
266,265,REACHING_DEF,*&nullptr
266,268,REACHING_DEF,*&nullptr
266,268,REACHING_DEF,*&nullptr
266,270,REACHING_DEF,*&nullptr
266,97,REACHING_DEF,*&nullptr
267,268,REACHING_DEF,tmp23
267,97,REACHING_DEF,tmp23
268,270,REACHING_DEF,"gep(*&nullptr, tmp23)"
268,97,REACHING_DEF,"gep(*&nullptr, tmp23)"
269,270,REACHING_DEF,0
270,97,REACHING_DEF,"gep(gep(*&nullptr, tmp23), 0)"
273,272,REACHING_DEF,*4
273,275,REACHING_DEF,*4
273,276,REACHING_DEF,*4
273,97,REACHING_DEF,*4
275,274,REACHING_DEF,*t.addr
275,276,REACHING_DEF,*t.addr
275,97,REACHING_DEF,*t.addr
277,283,REACHING_DEF,tmp24
277,282,REACHING_DEF,tmp24
279,281,REACHING_DEF,*i.addr
279,284,REACHING_DEF,*i.addr
280,281,REACHING_DEF,1
281,277,REACHING_DEF,*i.addr + 1
281,282,REACHING_DEF,*i.addr + 1
281,97,REACHING_DEF,*i.addr + 1
283,285,REACHING_DEF,tmp24
283,286,REACHING_DEF,tmp24
283,97,REACHING_DEF,tmp24
285,286,REACHING_DEF,*i.addr
285,214,REACHING_DEF,*i.addr
285,215,REACHING_DEF,*i.addr
287,97,REACHING_DEF,<RET>
288,292,REACHING_DEF,
288,291,REACHING_DEF,
291,415,REACHING_DEF,arg
292,416,REACHING_DEF,arg1
293,297,REACHING_DEF,
293,296,REACHING_DEF,
296,417,REACHING_DEF,arg
297,418,REACHING_DEF,arg1
298,301,REACHING_DEF,
298,302,REACHING_DEF,
301,419,REACHING_DEF,arg
302,420,REACHING_DEF,arg1
303,306,REACHING_DEF,
303,307,REACHING_DEF,
306,421,REACHING_DEF,arg
307,422,REACHING_DEF,arg1
308,312,REACHING_DEF,
308,311,REACHING_DEF,
311,423,REACHING_DEF,arg
312,424,REACHING_DEF,arg1
353,354,REACHING_DEF,
354,425,REACHING_DEF,p1
357,359,REACHING_DEF,
357,358,REACHING_DEF,
358,426,REACHING_DEF,p1
359,427,REACHING_DEF,p2
362,363,REACHING_DEF,
362,364,REACHING_DEF,
363,428,REACHING_DEF,p1
364,429,REACHING_DEF,p2
367,368,REACHING_DEF,
368,430,REACHING_DEF,p1
371,373,REACHING_DEF,
371,372,REACHING_DEF,
372,431,REACHING_DEF,p1
373,432,REACHING_DEF,p2
376,377,REACHING_DEF,
376,378,REACHING_DEF,
377,433,REACHING_DEF,p1
378,434,REACHING_DEF,p2
381,383,REACHING_DEF,
381,382,REACHING_DEF,
382,435,REACHING_DEF,p1
383,436,REACHING_DEF,p2
386,388,REACHING_DEF,
386,387,REACHING_DEF,
387,437,REACHING_DEF,p1
388,438,REACHING_DEF,p2
391,393,REACHING_DEF,
391,392,REACHING_DEF,
392,439,REACHING_DEF,p1
393,440,REACHING_DEF,p2
396,398,REACHING_DEF,
396,397,REACHING_DEF,
397,441,REACHING_DEF,p1
398,442,REACHING_DEF,p2
401,402,REACHING_DEF,
401,403,REACHING_DEF,
402,443,REACHING_DEF,p1
403,444,REACHING_DEF,p2
406,407,REACHING_DEF,
406,408,REACHING_DEF,
407,445,REACHING_DEF,p1
408,446,REACHING_DEF,p2
