960,LITERAL,2,,0,18,,1202,2,i32
971,LITERAL,2,,0,18,,1203,2,i32
983,LITERAL,2,,0,9,,1209,2,i32
987,LITERAL,2,,0,9,,1209,2,i32
999,LITERAL,2,,0,9,,1209,2,i32
1003,LITERAL,2,,0,9,,1209,2,i32
1008,LITERAL,2,,0,9,,1209,2,i64
1015,LITERAL,1,,"%struct.module_struct { i32 20140207, i32 1, i32 -1, i8* getelementptr inbounds ([30 x i8], [30 x i8]* @.str, i32 0, i32 0), i8* null, %struct.module_struct* null, i64 1095774773, void (%struct.process_rec*)* null, i8* (%struct.apr_pool_t*, i8*)* null, i8* (%struct.apr_pool_t*, i8*, i8*)* null, i8* (%struct.apr_pool_t*, %struct.server_rec*)* undef, i8* (%struct.apr_pool_t*, i8*, i8*)* null, %struct.command_struct* getelementptr inbounds ([6 x %struct.command_struct], [6 x %struct.command_struct]* bitcast (<{ { i8*, { i8* (%struct.cmd_parms_struct*, i8*, i8*, i8*)* }, i8*, i32, i32, i8* }, { i8*, { i8* (%struct.cmd_parms_struct*, i8*, i8*)* }, i8*, i32, i32, i8* }, { i8*, { i8* (%struct.cmd_parms_struct*, i8*, i8*)* }, i8*, i32, i32, i8* }, { i8*, { i8* (%struct.cmd_parms_struct*, i8*, i8*)* }, i8*, i32, i32, i8* }, { i8*, { i8* (%struct.cmd_parms_struct*, i8*, i8*)* }, i8*, i32, i32, i8* }, %struct.command_struct }>* @deflate_filter_cmds to [6 x %struct.command_struct]*), i32 0, i32 0), void (%struct.apr_pool_t*)* undef }",9,,1213,1,module_struct
1017,LITERAL,2,,0,9,,1213,2,i32
1028,LITERAL,2,,0,7,,1213,2,i32
1033,LITERAL,2,,0,7,,1213,2,i32
1049,LITERAL,2,,nullptr,10,,1215,2,deflate_ctx_t*
1059,LITERAL,2,,0,14,,1223,2,i32
1065,LITERAL,2,,0,49,,1223,2,i32
1070,LITERAL,2,,204,49,,1223,2,i32
1077,LITERAL,2,,0,14,,1224,2,i32
1082,LITERAL,2,,Content-Range,14,,1224,2,[14 x i8]
1086,LITERAL,2,,nullptr,61,,1224,2,i8*
1095,LITERAL,2,,0,14,,1225,2,i32
1102,LITERAL,2,,0,14,,1225,2,i32
1110,LITERAL,2,,0,64,,1225,2,i32
1116,LITERAL,2,,gunzip,9,,1238,2,[7 x i8]
1120,LITERAL,2,,0,23,,1241,2,i32
1125,LITERAL,2,,304,23,,1241,2,i32
1132,LITERAL,2,,0,24,,1246,2,i32
1137,LITERAL,2,,0,24,,1246,2,i32
1142,LITERAL,2,,176,24,,1246,2,i64
1147,LITERAL,2,,0,24,,1246,2,i32
1148,LITERAL,3,,176,24,,1246,3,i64
1163,LITERAL,2,,0,16,,1246,2,i32
1173,LITERAL,2,,0,19,,1247,2,i32
1180,LITERAL,2,,0,19,,1247,2,i32
1185,LITERAL,2,,0,19,,1247,2,i32
1194,LITERAL,2,,0,17,,1247,2,i32
1204,LITERAL,2,,0,23,,1248,2,i32
1211,LITERAL,2,,0,23,,1248,2,i32
1220,LITERAL,2,,0,21,,1248,2,i32
1229,LITERAL,2,,0,28,,1249,2,i32
1235,LITERAL,2,,nullptr,32,,1250,2,i8*
1238,LITERAL,2,,0,32,,1250,2,i32
1244,LITERAL,2,,0,39,,1251,2,i64
1247,LITERAL,2,,0,39,,1251,2,i32
1257,LITERAL,2,,0,15,,1253,2,i32
1263,LITERAL,2,,0,15,,1253,2,i32
1268,LITERAL,3,,1.2.11,15,,1253,3,[7 x i8]
1269,LITERAL,4,,112,15,,1253,4,i32
1278,LITERAL,2,,0,17,,1255,2,i32
1283,LITERAL,2,,0,30,,1279,2,i32
1290,LITERAL,2,,0,30,,1279,2,i32
1294,LITERAL,2,,0,30,,1279,2,i32
1304,LITERAL,2,,0,33,,1280,2,i32
1314,LITERAL,2,,0,31,,1280,2,i32
1318,LITERAL,2,,0,31,,1280,2,i32
1327,LITERAL,2,,0,27,,1282,2,i32
1332,LITERAL,2,,-2,27,,1282,2,i8
1338,LITERAL,2,,0,27,,1282,2,i32
1347,LITERAL,2,,0,13,,1285,2,i32
1351,LITERAL,2,,0,13,,1285,2,i32
1363,LITERAL,2,,0,13,,1285,2,i32
1367,LITERAL,2,,0,13,,1285,2,i32
1372,LITERAL,2,,0,13,,1285,2,i64
1379,LITERAL,2,,true,12,,1285,2,i1
1385,LITERAL,2,,0,13,,1291,2,i32
1389,LITERAL,2,,0,13,,1291,2,i32
1402,LITERAL,2,,0,13,,1293,2,i32
1410,LITERAL,2,,0,34,,1301,2,i32
1413,LITERAL,2,,0,34,,1301,2,i32
1417,LITERAL,2,,0,34,,1301,2,i32
1431,LITERAL,2,,0,13,,1310,2,i32
1436,LITERAL,2,,0,13,,1310,2,i32
1442,LITERAL,5,,2,13,,1310,5,i32
1443,LITERAL,6,,1,13,,1310,6,i32
1448,LITERAL,2,,0,47,,1316,2,i32
1453,LITERAL,2,,8,47,,1316,2,i64
1460,LITERAL,2,,0,27,,1318,2,i32
1473,LITERAL,2,,0,30,,1319,2,i32
1484,LITERAL,2,,0,40,,1324,2,i32
1489,LITERAL,2,,4,40,,1324,2,i64
1493,LITERAL,2,,0,40,,1324,2,i32
1503,LITERAL,2,,0,27,,1325,2,i32
1516,LITERAL,2,,0,44,,1327,2,i32
1520,LITERAL,2,,0,44,,1327,2,i32
1525,LITERAL,2,,4294967295,44,,1327,2,i64
1538,LITERAL,2,,0,13,,1354,2,i32
1554,LITERAL,2,,0,19,,1358,2,i32
1559,LITERAL,2,,0,19,,1358,2,i32
1565,LITERAL,5,,2,19,,1358,5,i32
1566,LITERAL,6,,1,19,,1358,6,i32
1575,LITERAL,2,,0,21,,1360,2,i32
1581,LITERAL,2,,0,13,,1368,2,i32
1585,LITERAL,2,,0,13,,1368,2,i32
1594,LITERAL,2,,0,13,,1368,2,i32
1598,LITERAL,2,,0,13,,1368,2,i32
1606,LITERAL,2,,0,13,,1368,2,i32
1610,LITERAL,2,,0,13,,1368,2,i32
1619,LITERAL,2,,0,13,,1368,2,i32
1623,LITERAL,2,,0,13,,1368,2,i32
1632,LITERAL,2,,0,13,,1368,2,i32
1636,LITERAL,2,,0,13,,1368,2,i32
1644,LITERAL,2,,0,13,,1368,2,i32
1648,LITERAL,2,,0,13,,1368,2,i32
1663,LITERAL,2,,0,13,,1369,2,i32
1668,LITERAL,2,,0,13,,1369,2,i32
1672,LITERAL,2,,0,13,,1369,2,i32
1677,LITERAL,2,,0,13,,1369,2,i64
1682,LITERAL,2,,0,13,,1369,2,i32
1686,LITERAL,2,,0,13,,1369,2,i32
1695,LITERAL,2,,0,13,,1369,2,i32
1700,LITERAL,2,,0,13,,1369,2,i32
1704,LITERAL,2,,0,13,,1369,2,i32
1713,LITERAL,2,,0,13,,1369,2,i32
1717,LITERAL,2,,0,13,,1369,2,i32
1726,LITERAL,2,,0,13,,1369,2,i32
1731,LITERAL,2,,0,13,,1369,2,i32
1735,LITERAL,2,,0,13,,1369,2,i32
1744,LITERAL,2,,0,13,,1369,2,i32
1748,LITERAL,2,,0,13,,1369,2,i32
1758,LITERAL,2,,0,13,,1369,2,i32
1763,LITERAL,2,,0,13,,1369,2,i32
1767,LITERAL,2,,0,13,,1369,2,i32
1777,LITERAL,2,,0,18,,1370,2,i32
1784,LITERAL,2,,0,18,,1370,2,i32
1797,LITERAL,2,,0,20,,1371,2,i32
1803,LITERAL,2,,0,13,,1377,2,i32
1808,LITERAL,2,,0,13,,1377,2,i32
1813,LITERAL,2,,0,13,,1377,2,i32
1819,LITERAL,2,,0,13,,1382,2,i32
1823,LITERAL,2,,0,13,,1382,2,i32
1832,LITERAL,2,,0,13,,1382,2,i32
1836,LITERAL,2,,0,13,,1382,2,i32
1844,LITERAL,2,,0,13,,1382,2,i32
1848,LITERAL,2,,0,13,,1382,2,i32
1857,LITERAL,2,,0,13,,1382,2,i32
1861,LITERAL,2,,0,13,,1382,2,i32
1870,LITERAL,2,,0,13,,1382,2,i32
1874,LITERAL,2,,0,13,,1382,2,i32
1882,LITERAL,2,,0,13,,1382,2,i32
1886,LITERAL,2,,0,13,,1382,2,i32
1901,LITERAL,2,,0,13,,1383,2,i32
1906,LITERAL,2,,0,13,,1383,2,i32
1910,LITERAL,2,,0,13,,1383,2,i32
1915,LITERAL,2,,0,13,,1383,2,i64
1920,LITERAL,2,,0,13,,1383,2,i32
1924,LITERAL,2,,0,13,,1383,2,i32
1933,LITERAL,2,,0,13,,1383,2,i32
1938,LITERAL,2,,0,13,,1383,2,i32
1942,LITERAL,2,,0,13,,1383,2,i32
1951,LITERAL,2,,0,13,,1383,2,i32
1955,LITERAL,2,,0,13,,1383,2,i32
1964,LITERAL,2,,0,13,,1383,2,i32
1969,LITERAL,2,,0,13,,1383,2,i32
1973,LITERAL,2,,0,13,,1383,2,i32
1982,LITERAL,2,,0,13,,1383,2,i32
1986,LITERAL,2,,0,13,,1383,2,i32
1996,LITERAL,2,,0,13,,1383,2,i32
2001,LITERAL,2,,0,13,,1383,2,i32
2005,LITERAL,2,,0,13,,1383,2,i32
2014,LITERAL,2,,0,19,,1391,2,i32
2019,LITERAL,2,,1,19,,1391,2,i8
2029,LITERAL,2,,0,14,,1391,2,i32
2035,LITERAL,2,,0,31,,1392,2,i32
2040,LITERAL,2,,-2,31,,1392,2,i8
2045,LITERAL,2,,1,31,,1392,2,i8
2051,LITERAL,2,,0,31,,1392,2,i32
2060,LITERAL,2,,10,21,,1393,2,i64
2067,LITERAL,2,,2,31,,1399,2,i64
2080,LITERAL,2,,3,30,,1400,2,i64
2092,LITERAL,2,,8,33,,1401,2,i32
2099,LITERAL,2,,0,21,,1407,2,i64
2106,LITERAL,1,,"[2 x i8] c""\1F\8B""",32,,1407,1,[2 x i8]
2108,LITERAL,2,,0,32,,1407,2,i64
2110,LITERAL,2,,0,32,,1407,2,i64
2124,LITERAL,2,,1,21,,1408,2,i64
2131,LITERAL,1,,"[2 x i8] c""\1F\8B""",32,,1408,1,[2 x i8]
2133,LITERAL,2,,0,32,,1408,2,i64
2135,LITERAL,2,,1,32,,1408,2,i64
2148,LITERAL,2,,224,33,,1409,2,i32
2153,LITERAL,2,,0,45,,1409,2,i32
2158,LITERAL,2,,10,22,,1414,2,i64
2166,LITERAL,2,,10,21,,1415,2,i64
2176,LITERAL,2,,4,27,,1417,2,i32
2181,LITERAL,2,,0,27,,1417,2,i32
2188,LITERAL,2,,0,37,,1418,2,i64
2201,LITERAL,2,,1,26,,1419,2,i64
2208,LITERAL,2,,8,51,,1419,2,i32
2224,LITERAL,2,,2,22,,1420,2,i32
2275,LITERAL,2,,8,27,,1430,2,i32
2280,LITERAL,2,,0,27,,1430,2,i32
2289,LITERAL,2,,-1,26,,1431,2,i64
2298,LITERAL,2,,0,26,,1431,2,i64
2301,LITERAL,2,,false,,,,2,i1
2310,LITERAL,2,,1,37,,1431,2,i32
2323,LITERAL,2,,0,29,,1431,2,i32
2334,LITERAL,2,,16,27,,1433,2,i32
2339,LITERAL,2,,0,27,,1433,2,i32
2348,LITERAL,2,,-1,26,,1434,2,i64
2357,LITERAL,2,,0,26,,1434,2,i64
2360,LITERAL,2,,false,,,,2,i1
2369,LITERAL,2,,1,37,,1434,2,i32
2382,LITERAL,2,,0,29,,1434,2,i32
2393,LITERAL,2,,2,27,,1436,2,i32
2398,LITERAL,2,,0,27,,1436,2,i32
2404,LITERAL,2,,2,21,,1437,2,i64
2413,LITERAL,2,,2,22,,1438,2,i64
2422,LITERAL,2,,0,29,,1443,2,i32
2426,LITERAL,2,,0,29,,1443,2,i32
2441,LITERAL,2,,0,30,,1444,2,i32
2445,LITERAL,2,,0,30,,1444,2,i32
2454,LITERAL,2,,0,13,,1446,2,i32
2459,LITERAL,2,,nullptr,13,,1446,2,i8*
2465,LITERAL,2,,0,47,,1447,2,i32
2470,LITERAL,2,,8,47,,1447,2,i64
2474,LITERAL,1,,8,45,,1450,1,i64
2477,LITERAL,2,,0,45,,1450,2,i32
2492,LITERAL,2,,0,33,,1451,2,i32
2496,LITERAL,2,,0,33,,1451,2,i32
2513,LITERAL,2,,0,33,,1452,2,i32
2517,LITERAL,2,,0,33,,1452,2,i32
2532,LITERAL,2,,0,38,,1456,2,i32
2536,LITERAL,2,,0,38,,1456,2,i32
2557,LITERAL,2,,0,38,,1456,2,i32
2561,LITERAL,2,,0,38,,1456,2,i32
2570,LITERAL,2,,0,47,,1457,2,i32
2582,LITERAL,2,,0,47,,1457,2,i32
2591,LITERAL,2,,0,17,,1459,2,i32
2595,LITERAL,2,,0,17,,1459,2,i32
2600,LITERAL,2,,0,17,,1459,2,i32
2603,LITERAL,2,,0,38,,1470,2,i32
2606,LITERAL,2,,0,38,,1470,2,i32
2610,LITERAL,2,,0,38,,1470,2,i32
2619,LITERAL,2,,0,37,,1474,2,i32
2623,LITERAL,2,,0,37,,1474,2,i32
2628,LITERAL,2,,0,37,,1474,2,i32
2634,LITERAL,2,,0,39,,1475,2,i32
2638,LITERAL,2,,0,39,,1475,2,i32
2643,LITERAL,2,,0,39,,1475,2,i32
2648,LITERAL,2,,0,38,,1477,2,i32
2655,LITERAL,2,,0,38,,1477,2,i32
2659,LITERAL,2,,0,38,,1477,2,i32
2669,LITERAL,2,,0,39,,1478,2,i32
2673,LITERAL,2,,0,39,,1478,2,i32
2683,LITERAL,2,,0,37,,1478,2,i32
2705,LITERAL,2,,0,28,,1480,2,i32
2712,LITERAL,2,,0,28,,1480,2,i32
2722,LITERAL,2,,0,26,,1480,2,i32
2732,LITERAL,2,,0,21,,1481,2,i32
2739,LITERAL,3,,nullptr,21,,1481,3,void (i8*)*
2742,LITERAL,2,,0,21,,1481,2,i32
2747,LITERAL,2,,0,21,,1481,2,i32
2766,LITERAL,2,,0,17,,1483,2,i32
2771,LITERAL,2,,0,17,,1483,2,i32
2775,LITERAL,2,,0,17,,1483,2,i32
2780,LITERAL,2,,0,17,,1483,2,i64
2785,LITERAL,2,,0,17,,1483,2,i32
2789,LITERAL,2,,0,17,,1483,2,i32
2798,LITERAL,2,,0,17,,1483,2,i32
2803,LITERAL,2,,0,17,,1483,2,i32
2807,LITERAL,2,,0,17,,1483,2,i32
2816,LITERAL,2,,0,17,,1483,2,i32
2820,LITERAL,2,,0,17,,1483,2,i32
2829,LITERAL,2,,0,17,,1483,2,i32
2834,LITERAL,2,,0,17,,1483,2,i32
2838,LITERAL,2,,0,17,,1483,2,i32
2847,LITERAL,2,,0,17,,1483,2,i32
2851,LITERAL,2,,0,17,,1483,2,i32
2861,LITERAL,2,,0,17,,1483,2,i32
2866,LITERAL,2,,0,17,,1483,2,i32
2870,LITERAL,2,,0,17,,1483,2,i32
2880,LITERAL,2,,0,41,,1484,2,i32
2890,LITERAL,2,,0,39,,1484,2,i32
2894,LITERAL,2,,0,39,,1484,2,i32
2904,LITERAL,2,,0,22,,1486,2,i32
2911,LITERAL,2,,0,22,,1486,2,i32
2924,LITERAL,2,,0,24,,1487,2,i32
2931,LITERAL,2,,0,19,,1492,2,i32
2935,LITERAL,2,,0,19,,1492,2,i32
2944,LITERAL,2,,1,21,,1494,2,i32
2951,LITERAL,2,,0,42,,1500,2,i32
2956,LITERAL,2,,0,42,,1500,2,i32
2961,LITERAL,2,,8,42,,1500,2,i64
2966,LITERAL,2,,0,42,,1500,2,i32
2967,LITERAL,3,,8,42,,1500,3,i64
2972,LITERAL,2,,0,40,,1500,2,i32
2981,LITERAL,2,,0,42,,1502,2,i32
2985,LITERAL,2,,0,42,,1502,2,i32
2990,LITERAL,2,,8,42,,1502,2,i32
2993,LITERAL,2,,8,51,,1503,2,i64
2996,LITERAL,2,,0,51,,1503,2,i32
3005,LITERAL,2,,0,49,,1508,2,i32
3009,LITERAL,2,,0,49,,1508,2,i32
3014,LITERAL,2,,0,49,,1508,2,i32
3021,LITERAL,2,,0,60,,1509,2,i32
3025,LITERAL,2,,0,60,,1509,2,i32
3035,LITERAL,2,,0,58,,1509,2,i32
3044,LITERAL,2,,0,21,,1517,2,i32
3055,LITERAL,2,,0,9,,1525,2,i32
3059,LITERAL,2,,0,9,,1525,2,i32
3068,LITERAL,2,,0,9,,1525,2,i32
3072,LITERAL,2,,0,9,,1525,2,i32
3080,LITERAL,2,,0,9,,1525,2,i32
3084,LITERAL,2,,0,9,,1525,2,i32
3093,LITERAL,2,,0,9,,1525,2,i32
3097,LITERAL,2,,0,9,,1525,2,i32
3106,LITERAL,2,,0,9,,1525,2,i32
3110,LITERAL,2,,0,9,,1525,2,i32
3118,LITERAL,2,,0,9,,1525,2,i32
3122,LITERAL,2,,0,9,,1525,2,i32
3134,LITERAL,1,,undef,,,,1,i32
3211,LITERAL,2,,0,9,,95,2,i32
3224,LITERAL,2,,Content-Encoding,28,,97,2,[17 x i8]
3233,LITERAL,2,,nullptr,10,,99,2,i8*
3239,LITERAL,2,,nullptr,29,,99,2,apr_table_t*
3246,LITERAL,2,,Content-Encoding,20,,101,2,[17 x i8]
3260,LITERAL,2,,nullptr,14,,103,2,i8*
3265,LITERAL,2,,0,22,,104,2,i32
3273,LITERAL,2,,nullptr,18,,105,2,apr_table_t*
3280,LITERAL,2,,nullptr,9,,108,2,i8*
3292,LITERAL,2,,0,21,,108,2,i32
3299,LITERAL,2,,gzip,14,,111,2,[5 x i8]
3303,LITERAL,2,,0,14,,111,2,i32
3310,LITERAL,2,,x-gzip,17,,112,2,[7 x i8]
3314,LITERAL,2,,0,17,,112,2,i32
3317,LITERAL,2,,1,19,,113,2,i32
3324,LITERAL,2,,nullptr,17,,114,2,apr_table_t*
3327,LITERAL,2,,nullptr,37,,118,2,i8*
3330,LITERAL,2,,0,37,,118,2,i32
3340,LITERAL,2,,44,18,,121,2,i32
3344,LITERAL,2,,nullptr,45,,121,2,i8*
3351,LITERAL,2,,0,34,,125,2,i32
3367,LITERAL,2,,44,31,,128,2,i32
3376,LITERAL,2,,nullptr,22,,129,2,i8*
3383,LITERAL,2,,gzip,26,,130,2,[5 x i8]
3387,LITERAL,2,,0,26,,130,2,i32
3394,LITERAL,2,,x-gzip,29,,131,2,[7 x i8]
3398,LITERAL,2,,0,29,,131,2,i32
3401,LITERAL,2,,1,31,,132,2,i32
3408,LITERAL,2,,nullptr,29,,133,2,apr_table_t*
3411,LITERAL,2,,nullptr,49,,137,2,i8*
3414,LITERAL,2,,0,49,,137,2,i32
3422,LITERAL,2,,1,25,,142,2,i64
3453,LITERAL,2,,8192,35,,142,2,i32
3458,LITERAL,2,,0,17,,142,2,i32
3463,LITERAL,2,,1,54,,142,2,i32
3472,LITERAL,2,,gzip,22,,143,2,[5 x i8]
3476,LITERAL,2,,0,22,,143,2,i32
3483,LITERAL,2,,x-gzip,25,,144,2,[7 x i8]
3487,LITERAL,2,,0,25,,144,2,i32
3490,LITERAL,2,,0,28,,145,2,i8
3498,LITERAL,2,,nullptr,25,,146,2,apr_table_t*
3505,LITERAL,2,,0,45,,150,2,i32
3511,LITERAL,2,,1,27,,152,2,i32
3518,LITERAL,2,,0,27,,154,2,i64
3521,LITERAL,2,,0,27,,154,2,i8
3528,LITERAL,2,,identity,38,,154,2,[9 x i8]
3532,LITERAL,2,,0,38,,154,2,i32
3535,LITERAL,2,,0,28,,155,2,i8
3543,LITERAL,2,,nullptr,9,,168,2,apr_table_t*
3549,LITERAL,2,,0,17,,168,2,i32
3554,LITERAL,2,,nullptr,17,,168,2,i8*
3561,LITERAL,2,,Content-Encoding,31,,169,2,[17 x i8]
3566,LITERAL,2,,0,29,,169,2,i32
3643,LITERAL,2,,0,13,,189,2,i64
3652,LITERAL,2,,1,15,,190,2,i64
3659,LITERAL,2,,8,41,,190,2,i64
3671,LITERAL,2,,2,15,,191,2,i64
3678,LITERAL,2,,16,41,,191,2,i64
3690,LITERAL,2,,3,15,,192,2,i64
3697,LITERAL,2,,24,41,,192,2,i64
3776,LITERAL,2,,0,24,,397,2,i32
3781,LITERAL,2,,ETag,24,,397,2,[5 x i8]
3790,LITERAL,2,,nullptr,10,,400,2,i8*
3804,LITERAL,2,,2,44,,400,2,i64
3810,LITERAL,2,,1,26,,401,2,i64
3824,LITERAL,2,,34,31,,401,2,i32
3845,LITERAL,2,,2,71,,403,2,i64
3852,LITERAL,2,,0,28,,403,2,i32
3873,LITERAL,2,,-1,19,,405,2,i64
3899,LITERAL,2,,1,27,,408,2,i32
3906,LITERAL,2,,1,32,,408,2,i32
3916,LITERAL,2,,1,15,,411,2,i32
3921,LITERAL,2,,45,18,,411,2,i8
3954,LITERAL,2,,1,27,,414,2,i32
3961,LITERAL,2,,1,32,,414,2,i32
3971,LITERAL,2,,1,15,,417,2,i32
3976,LITERAL,2,,34,18,,417,2,i8
3980,LITERAL,2,,0,18,,418,2,i8
4050,LITERAL,2,,0,9,,324,2,i32
4054,LITERAL,2,,0,9,,325,2,i32
4062,LITERAL,2,,0,40,,330,2,i32
4066,LITERAL,2,,0,40,,330,2,i32
4076,LITERAL,2,,0,38,,330,2,i32
4096,LITERAL,2,,0,26,,332,2,i32
4102,LITERAL,2,,0,18,,338,2,i32
4109,LITERAL,2,,0,29,,339,2,i32
4116,LITERAL,2,,0,29,,339,2,i32
4127,LITERAL,2,,0,27,,339,2,i32
4143,LITERAL,2,,0,18,,342,2,i32
4149,LITERAL,3,,nullptr,18,,342,3,void (i8*)*
4166,LITERAL,2,,0,14,,345,2,i32
4171,LITERAL,2,,0,14,,345,2,i32
4175,LITERAL,2,,0,14,,345,2,i32
4180,LITERAL,2,,0,14,,345,2,i64
4185,LITERAL,2,,0,14,,345,2,i32
4189,LITERAL,2,,0,14,,345,2,i32
4198,LITERAL,2,,0,14,,345,2,i32
4203,LITERAL,2,,0,14,,345,2,i32
4207,LITERAL,2,,0,14,,345,2,i32
4216,LITERAL,2,,0,14,,345,2,i32
4220,LITERAL,2,,0,14,,345,2,i32
4229,LITERAL,2,,0,14,,345,2,i32
4234,LITERAL,2,,0,14,,345,2,i32
4238,LITERAL,2,,0,14,,345,2,i32
4247,LITERAL,2,,0,14,,345,2,i32
4251,LITERAL,2,,0,14,,345,2,i32
4261,LITERAL,2,,0,14,,345,2,i32
4266,LITERAL,2,,0,14,,345,2,i32
4270,LITERAL,2,,0,14,,345,2,i32
4278,LITERAL,2,,0,35,,346,2,i32
4285,LITERAL,2,,0,35,,346,2,i32
4289,LITERAL,2,,0,35,,346,2,i32
4299,LITERAL,2,,0,38,,347,2,i32
4309,LITERAL,2,,0,36,,347,2,i32
4313,LITERAL,2,,0,36,,347,2,i32
4322,LITERAL,2,,0,14,,350,2,i32
4331,LITERAL,2,,0,16,,353,2,i32
4345,LITERAL,2,,-5,18,,367,2,i32
4348,LITERAL,2,,0,18,,368,2,i32
4355,LITERAL,2,,0,40,,372,2,i32
4359,LITERAL,2,,0,40,,372,2,i32
4364,LITERAL,2,,0,40,,372,2,i32
4367,LITERAL,2,,true,,,,2,i1
4374,LITERAL,2,,1,52,,372,2,i32
4394,LITERAL,2,,0,18,,374,2,i32
4400,LITERAL,2,,1,33,,374,2,i32
