93,METHOD_PARAMETER_IN,arg,,,BY_VALUE,1,false,,arg,1,metadata
94,METHOD_PARAMETER_IN,arg1,,,BY_VALUE,2,false,,arg1,2,metadata
95,METHOD_PARAMETER_IN,arg2,,,BY_VALUE,3,false,,arg2,3,metadata
99,METHOD_PARAMETER_IN,sig.arg,,,BY_VALUE,1,false,,sig.arg,1,i32
291,METHOD_PARAMETER_IN,arg,,,BY_VALUE,1,false,,arg,1,i8*
292,METHOD_PARAMETER_IN,arg1,,,BY_VALUE,2,false,,arg1,2,i8*
296,METHOD_PARAMETER_IN,arg,,,BY_VALUE,1,false,,arg,1,data*
297,METHOD_PARAMETER_IN,arg1,,,BY_VALUE,2,false,,arg1,2,data*
301,METHOD_PARAMETER_IN,arg,,,BY_VALUE,1,false,,arg,1,data*
302,METHOD_PARAMETER_IN,arg1,,,BY_VALUE,2,false,,arg1,2,data*
306,METHOD_PARAMETER_IN,arg,,,BY_VALUE,1,false,,arg,1,data*
307,METHOD_PARAMETER_IN,arg1,,,BY_VALUE,2,false,,arg1,2,data*
311,METHOD_PARAMETER_IN,arg,,,BY_VALUE,1,false,,arg,1,data*
312,METHOD_PARAMETER_IN,arg1,,,BY_VALUE,2,false,,arg1,2,data*
354,METHOD_PARAMETER_IN,p1,,,BY_VALUE,1,false,,p1,1,ANY
358,METHOD_PARAMETER_IN,p1,,,BY_VALUE,1,false,,p1,1,ANY
359,METHOD_PARAMETER_IN,p2,,,BY_VALUE,2,false,,p2,2,ANY
363,METHOD_PARAMETER_IN,p1,,,BY_VALUE,1,false,,p1,1,ANY
364,METHOD_PARAMETER_IN,p2,,,BY_VALUE,2,false,,p2,2,ANY
368,METHOD_PARAMETER_IN,p1,,,BY_VALUE,1,false,,p1,1,ANY
372,METHOD_PARAMETER_IN,p1,,,BY_VALUE,1,false,,p1,1,ANY
373,METHOD_PARAMETER_IN,p2,,,BY_VALUE,2,false,,p2,2,ANY
377,METHOD_PARAMETER_IN,p1,,,BY_VALUE,1,false,,p1,1,ANY
378,METHOD_PARAMETER_IN,p2,,,BY_VALUE,2,false,,p2,2,ANY
382,METHOD_PARAMETER_IN,p1,,,BY_VALUE,1,false,,p1,1,ANY
383,METHOD_PARAMETER_IN,p2,,,BY_VALUE,2,false,,p2,2,ANY
387,METHOD_PARAMETER_IN,p1,,,BY_VALUE,1,false,,p1,1,ANY
388,METHOD_PARAMETER_IN,p2,,,BY_VALUE,2,false,,p2,2,ANY
392,METHOD_PARAMETER_IN,p1,,,BY_VALUE,1,false,,p1,1,ANY
393,METHOD_PARAMETER_IN,p2,,,BY_VALUE,2,false,,p2,2,ANY
397,METHOD_PARAMETER_IN,p1,,,BY_VALUE,1,false,,p1,1,ANY
398,METHOD_PARAMETER_IN,p2,,,BY_VALUE,2,false,,p2,2,ANY
402,METHOD_PARAMETER_IN,p1,,,BY_VALUE,1,false,,p1,1,ANY
403,METHOD_PARAMETER_IN,p2,,,BY_VALUE,2,false,,p2,2,ANY
407,METHOD_PARAMETER_IN,p1,,,BY_VALUE,1,false,,p1,1,ANY
408,METHOD_PARAMETER_IN,p2,,,BY_VALUE,2,false,,p2,2,ANY
