125,IDENTIFIER,2,,sig.arg,,,,sig.arg,2,i32
126,IDENTIFIER,1,,sig.addr,,,,sig.addr,1,i32*
129,IDENTIFIER,1,,tmp,9,,740,tmp,1,i1
130,IDENTIFIER,1,,sig.addr,9,,740,sig.addr,1,i32*
135,IDENTIFIER,1,,tmp5,25,,741,tmp5,1,i64
144,IDENTIFIER,1,,tmp6,20,,741,tmp6,1,i32
146,IDENTIFIER,2,,tmp5,20,,741,tmp5,2,i64
149,IDENTIFIER,2,,tmp6,18,,741,tmp6,2,i32
154,IDENTIFIER,1,,tmp7,9,,799,tmp7,1,i1
161,IDENTIFIER,1,,tmp8,13,,851,tmp8,1,i1
168,IDENTIFIER,1,,tmp9,25,,852,tmp9,1,_IO_FILE*
175,IDENTIFIER,2,,tmp9,19,,852,tmp9,2,_IO_FILE*
176,IDENTIFIER,1,,out.addr,19,,852,out.addr,1,_IO_FILE**
179,IDENTIFIER,1,,tmp10,18,,856,tmp10,1,i1
180,IDENTIFIER,1,,out.addr,18,,856,out.addr,1,_IO_FILE**
185,IDENTIFIER,1,,tmp11,13,,968,tmp11,1,i1
192,IDENTIFIER,1,,tmp13,25,,969,tmp13,1,_IO_FILE*
199,IDENTIFIER,2,,tmp13,19,,969,tmp13,2,_IO_FILE*
200,IDENTIFIER,1,,out.addr12,19,,969,out.addr12,1,_IO_FILE**
203,IDENTIFIER,1,,tmp14,18,,971,tmp14,1,i1
204,IDENTIFIER,1,,out.addr12,18,,971,out.addr12,1,_IO_FILE**
210,IDENTIFIER,1,,i.addr,20,,976,i.addr,1,i32*
213,IDENTIFIER,1,,tmp15,27,,976,tmp15,1,i1
214,IDENTIFIER,1,,i.addr,27,,976,i.addr,1,i32*
219,IDENTIFIER,1,,tmp16,23,,978,tmp16,1,i1
220,IDENTIFIER,1,,i.addr,23,,978,i.addr,1,i32*
225,IDENTIFIER,1,,tmp17,28,,980,tmp17,1,i1
226,IDENTIFIER,1,,i.addr,28,,980,i.addr,1,i32*
231,IDENTIFIER,1,,tmp18,53,,983,tmp18,1,i32
235,IDENTIFIER,1,,i.addr,53,,983,i.addr,1,i32*
239,IDENTIFIER,1,,tmp19,44,,983,tmp19,1,double
241,IDENTIFIER,2,,tmp18,44,,983,tmp18,2,i32
244,IDENTIFIER,1,,tmp20,57,,983,tmp20,1,double
245,IDENTIFIER,1,,tmp19,57,,983,tmp19,1,double
249,IDENTIFIER,1,,tmp21,42,,983,tmp21,1,double
251,IDENTIFIER,2,,tmp20,42,,983,tmp20,2,double
254,IDENTIFIER,1,,tmp22,31,,983,tmp22,1,i32
256,IDENTIFIER,2,,tmp21,31,,983,tmp21,2,double
259,IDENTIFIER,1,,tmp23,25,,983,tmp23,1,i64
261,IDENTIFIER,2,,tmp22,25,,983,tmp22,2,i32
267,IDENTIFIER,2,,tmp23,23,,983,tmp23,2,i64
274,IDENTIFIER,1,,t.addr,23,,983,t.addr,1,i64*
277,IDENTIFIER,1,,tmp24,35,,976,tmp24,1,i32
278,IDENTIFIER,1,,i.addr,35,,976,i.addr,1,i32*
283,IDENTIFIER,2,,tmp24,35,,976,tmp24,2,i32
284,IDENTIFIER,1,,i.addr,35,,976,i.addr,1,i32*
