411,METHOD_PARAMETER_OUT,arg,,BY_VALUE,1,false,,arg,1,metadata
412,METHOD_PARAMETER_OUT,arg1,,BY_VALUE,2,false,,arg1,2,metadata
413,METHOD_PARAMETER_OUT,arg2,,BY_VALUE,3,false,,arg2,3,metadata
414,METHOD_PARAMETER_OUT,sig.arg,,BY_VALUE,1,false,,sig.arg,1,i32
415,METHOD_PARAMETER_OUT,arg,,BY_VALUE,1,false,,arg,1,i8*
416,METHOD_PARAMETER_OUT,arg1,,BY_VALUE,2,false,,arg1,2,i8*
417,METHOD_PARAMETER_OUT,arg,,BY_VALUE,1,false,,arg,1,data*
418,METHOD_PARAMETER_OUT,arg1,,BY_VALUE,2,false,,arg1,2,data*
419,METHOD_PARAMETER_OUT,arg,,BY_VALUE,1,false,,arg,1,data*
420,METHOD_PARAMETER_OUT,arg1,,BY_VALUE,2,false,,arg1,2,data*
421,METHOD_PARAMETER_OUT,arg,,BY_VALUE,1,false,,arg,1,data*
422,METHOD_PARAMETER_OUT,arg1,,BY_VALUE,2,false,,arg1,2,data*
423,METHOD_PARAMETER_OUT,arg,,BY_VALUE,1,false,,arg,1,data*
424,METHOD_PARAMETER_OUT,arg1,,BY_VALUE,2,false,,arg1,2,data*
425,METHOD_PARAMETER_OUT,p1,,BY_VALUE,1,false,,p1,1,ANY
426,METHOD_PARAMETER_OUT,p1,,BY_VALUE,1,false,,p1,1,ANY
427,METHOD_PARAMETER_OUT,p2,,BY_VALUE,2,false,,p2,2,ANY
428,METHOD_PARAMETER_OUT,p1,,BY_VALUE,1,false,,p1,1,ANY
429,METHOD_PARAMETER_OUT,p2,,BY_VALUE,2,false,,p2,2,ANY
430,METHOD_PARAMETER_OUT,p1,,BY_VALUE,1,false,,p1,1,ANY
431,METHOD_PARAMETER_OUT,p1,,BY_VALUE,1,false,,p1,1,ANY
432,METHOD_PARAMETER_OUT,p2,,BY_VALUE,2,false,,p2,2,ANY
433,METHOD_PARAMETER_OUT,p1,,BY_VALUE,1,false,,p1,1,ANY
434,METHOD_PARAMETER_OUT,p2,,BY_VALUE,2,false,,p2,2,ANY
435,METHOD_PARAMETER_OUT,p1,,BY_VALUE,1,false,,p1,1,ANY
436,METHOD_PARAMETER_OUT,p2,,BY_VALUE,2,false,,p2,2,ANY
437,METHOD_PARAMETER_OUT,p1,,BY_VALUE,1,false,,p1,1,ANY
438,METHOD_PARAMETER_OUT,p2,,BY_VALUE,2,false,,p2,2,ANY
439,METHOD_PARAMETER_OUT,p1,,BY_VALUE,1,false,,p1,1,ANY
440,METHOD_PARAMETER_OUT,p2,,BY_VALUE,2,false,,p2,2,ANY
441,METHOD_PARAMETER_OUT,p1,,BY_VALUE,1,false,,p1,1,ANY
442,METHOD_PARAMETER_OUT,p2,,BY_VALUE,2,false,,p2,2,ANY
443,METHOD_PARAMETER_OUT,p1,,BY_VALUE,1,false,,p1,1,ANY
444,METHOD_PARAMETER_OUT,p2,,BY_VALUE,2,false,,p2,2,ANY
445,METHOD_PARAMETER_OUT,p1,,BY_VALUE,1,false,,p1,1,ANY
446,METHOD_PARAMETER_OUT,p2,,BY_VALUE,2,false,,p2,2,ANY
