962,FIELD_IDENTIFIER,2,,r,r,,,2
973,FIELD_IDENTIFIER,2,,ctx,ctx,,,2
985,FIELD_IDENTIFIER,2,,list,list,,,2
989,FIELD_IDENTIFIER,2,,0,0,,,2
1001,FIELD_IDENTIFIER,2,,list,list,,,2
1005,FIELD_IDENTIFIER,2,,0,0,,,2
1019,FIELD_IDENTIFIER,2,,2,2,,,2
1030,FIELD_IDENTIFIER,2,,server,server,,,2
1035,FIELD_IDENTIFIER,2,,module_config,module_config,,,2
1067,FIELD_IDENTIFIER,2,,status,status,,,2
1079,FIELD_IDENTIFIER,2,,headers_out,headers_out,,,2
1097,FIELD_IDENTIFIER,2,,headers_out,headers_out,,,2
1104,FIELD_IDENTIFIER,2,,err_headers_out,err_headers_out,,,2
1122,FIELD_IDENTIFIER,2,,status,status,,,2
1134,FIELD_IDENTIFIER,2,,r,r,,,2
1139,FIELD_IDENTIFIER,2,,pool,pool,,,2
1165,FIELD_IDENTIFIER,2,,ctx,ctx,,,2
1175,FIELD_IDENTIFIER,2,,pool,pool,,,2
1182,FIELD_IDENTIFIER,2,,c,c,,,2
1187,FIELD_IDENTIFIER,2,,16,16,,,2
1196,FIELD_IDENTIFIER,2,,3,3,,,2
1206,FIELD_IDENTIFIER,2,,pool,pool,,,2
1213,FIELD_IDENTIFIER,2,,bufferSize,bufferSize,,,2
1222,FIELD_IDENTIFIER,2,,1,1,,,2
1231,FIELD_IDENTIFIER,2,,5,5,,,2
1240,FIELD_IDENTIFIER,2,,6,6,,,2
1249,FIELD_IDENTIFIER,2,,7,7,,,2
1259,FIELD_IDENTIFIER,2,,0,0,,,2
1265,FIELD_IDENTIFIER,2,,windowSize,windowSize,,,2
1285,FIELD_IDENTIFIER,2,,1,1,,,2
1292,FIELD_IDENTIFIER,2,,0,0,,,2
1296,FIELD_IDENTIFIER,2,,next_out,next_out,,,2
1306,FIELD_IDENTIFIER,2,,bufferSize,bufferSize,,,2
1316,FIELD_IDENTIFIER,2,,0,0,,,2
1320,FIELD_IDENTIFIER,2,,avail_out,avail_out,,,2
1329,FIELD_IDENTIFIER,2,,8,8,,,2
1340,FIELD_IDENTIFIER,2,,8,8,,,2
1349,FIELD_IDENTIFIER,2,,list,list,,,2
1353,FIELD_IDENTIFIER,2,,0,0,,,2
1365,FIELD_IDENTIFIER,2,,list,list,,,2
1369,FIELD_IDENTIFIER,2,,0,0,,,2
1387,FIELD_IDENTIFIER,2,,list,list,,,2
1391,FIELD_IDENTIFIER,2,,0,0,,,2
1404,FIELD_IDENTIFIER,2,,type,type,,,2
1415,FIELD_IDENTIFIER,2,,0,0,,,2
1419,FIELD_IDENTIFIER,2,,avail_in,avail_in,,,2
1433,FIELD_IDENTIFIER,2,,c,c,,,2
1438,FIELD_IDENTIFIER,2,,16,16,,,2
1450,FIELD_IDENTIFIER,2,,7,7,,,2
1462,FIELD_IDENTIFIER,2,,6,6,,,2
1475,FIELD_IDENTIFIER,2,,2,2,,,2
1486,FIELD_IDENTIFIER,2,,6,6,,,2
1495,FIELD_IDENTIFIER,2,,6,6,,,2
1505,FIELD_IDENTIFIER,2,,6,6,,,2
1518,FIELD_IDENTIFIER,2,,0,0,,,2
1522,FIELD_IDENTIFIER,2,,total_out,total_out,,,2
1540,FIELD_IDENTIFIER,2,,type,type,,,2
1556,FIELD_IDENTIFIER,2,,c,c,,,2
1561,FIELD_IDENTIFIER,2,,16,16,,,2
1583,FIELD_IDENTIFIER,2,,link,link,,,2
1587,FIELD_IDENTIFIER,2,,0,0,,,2
1596,FIELD_IDENTIFIER,2,,link,link,,,2
1600,FIELD_IDENTIFIER,2,,1,1,,,2
1608,FIELD_IDENTIFIER,2,,link,link,,,2
1612,FIELD_IDENTIFIER,2,,0,0,,,2
1621,FIELD_IDENTIFIER,2,,link,link,,,2
1625,FIELD_IDENTIFIER,2,,1,1,,,2
1634,FIELD_IDENTIFIER,2,,link,link,,,2
1638,FIELD_IDENTIFIER,2,,0,0,,,2
1646,FIELD_IDENTIFIER,2,,link,link,,,2
1650,FIELD_IDENTIFIER,2,,1,1,,,2
1665,FIELD_IDENTIFIER,2,,3,3,,,2
1670,FIELD_IDENTIFIER,2,,list,list,,,2
1674,FIELD_IDENTIFIER,2,,0,0,,,2
1684,FIELD_IDENTIFIER,2,,link,link,,,2
1688,FIELD_IDENTIFIER,2,,0,0,,,2
1697,FIELD_IDENTIFIER,2,,3,3,,,2
1702,FIELD_IDENTIFIER,2,,list,list,,,2
1706,FIELD_IDENTIFIER,2,,1,1,,,2
1715,FIELD_IDENTIFIER,2,,link,link,,,2
1719,FIELD_IDENTIFIER,2,,1,1,,,2
1728,FIELD_IDENTIFIER,2,,3,3,,,2
1733,FIELD_IDENTIFIER,2,,list,list,,,2
1737,FIELD_IDENTIFIER,2,,1,1,,,2
1746,FIELD_IDENTIFIER,2,,link,link,,,2
1750,FIELD_IDENTIFIER,2,,0,0,,,2
1760,FIELD_IDENTIFIER,2,,3,3,,,2
1765,FIELD_IDENTIFIER,2,,list,list,,,2
1769,FIELD_IDENTIFIER,2,,1,1,,,2
1779,FIELD_IDENTIFIER,2,,next,next,,,2
1786,FIELD_IDENTIFIER,2,,3,3,,,2
1805,FIELD_IDENTIFIER,2,,type,type,,,2
1810,FIELD_IDENTIFIER,2,,is_metadata,is_metadata,,,2
1821,FIELD_IDENTIFIER,2,,link,link,,,2
1825,FIELD_IDENTIFIER,2,,0,0,,,2
1834,FIELD_IDENTIFIER,2,,link,link,,,2
1838,FIELD_IDENTIFIER,2,,1,1,,,2
1846,FIELD_IDENTIFIER,2,,link,link,,,2
1850,FIELD_IDENTIFIER,2,,0,0,,,2
1859,FIELD_IDENTIFIER,2,,link,link,,,2
1863,FIELD_IDENTIFIER,2,,1,1,,,2
1872,FIELD_IDENTIFIER,2,,link,link,,,2
1876,FIELD_IDENTIFIER,2,,0,0,,,2
1884,FIELD_IDENTIFIER,2,,link,link,,,2
1888,FIELD_IDENTIFIER,2,,1,1,,,2
1903,FIELD_IDENTIFIER,2,,3,3,,,2
1908,FIELD_IDENTIFIER,2,,list,list,,,2
1912,FIELD_IDENTIFIER,2,,0,0,,,2
1922,FIELD_IDENTIFIER,2,,link,link,,,2
1926,FIELD_IDENTIFIER,2,,0,0,,,2
1935,FIELD_IDENTIFIER,2,,3,3,,,2
1940,FIELD_IDENTIFIER,2,,list,list,,,2
1944,FIELD_IDENTIFIER,2,,1,1,,,2
1953,FIELD_IDENTIFIER,2,,link,link,,,2
1957,FIELD_IDENTIFIER,2,,1,1,,,2
1966,FIELD_IDENTIFIER,2,,3,3,,,2
1971,FIELD_IDENTIFIER,2,,list,list,,,2
1975,FIELD_IDENTIFIER,2,,1,1,,,2
1984,FIELD_IDENTIFIER,2,,link,link,,,2
1988,FIELD_IDENTIFIER,2,,0,0,,,2
1998,FIELD_IDENTIFIER,2,,3,3,,,2
2003,FIELD_IDENTIFIER,2,,list,list,,,2
2007,FIELD_IDENTIFIER,2,,1,1,,,2
2016,FIELD_IDENTIFIER,2,,8,8,,,2
2037,FIELD_IDENTIFIER,2,,8,8,,,2
2053,FIELD_IDENTIFIER,2,,8,8,,,2
2424,FIELD_IDENTIFIER,2,,0,0,,,2
2428,FIELD_IDENTIFIER,2,,next_in,next_in,,,2
2443,FIELD_IDENTIFIER,2,,0,0,,,2
2447,FIELD_IDENTIFIER,2,,avail_in,avail_in,,,2
2456,FIELD_IDENTIFIER,2,,6,6,,,2
2467,FIELD_IDENTIFIER,2,,7,7,,,2
2479,FIELD_IDENTIFIER,2,,7,7,,,2
2494,FIELD_IDENTIFIER,2,,0,0,,,2
2498,FIELD_IDENTIFIER,2,,avail_in,avail_in,,,2
2515,FIELD_IDENTIFIER,2,,0,0,,,2
2519,FIELD_IDENTIFIER,2,,avail_in,avail_in,,,2
2534,FIELD_IDENTIFIER,2,,0,0,,,2
2538,FIELD_IDENTIFIER,2,,avail_in,avail_in,,,2
2559,FIELD_IDENTIFIER,2,,0,0,,,2
2563,FIELD_IDENTIFIER,2,,avail_in,avail_in,,,2
2572,FIELD_IDENTIFIER,2,,7,7,,,2
2584,FIELD_IDENTIFIER,2,,7,7,,,2
2593,FIELD_IDENTIFIER,2,,0,0,,,2
2597,FIELD_IDENTIFIER,2,,avail_in,avail_in,,,2
2608,FIELD_IDENTIFIER,2,,0,0,,,2
2612,FIELD_IDENTIFIER,2,,avail_in,avail_in,,,2
2621,FIELD_IDENTIFIER,2,,0,0,,,2
2625,FIELD_IDENTIFIER,2,,avail_in,avail_in,,,2
2636,FIELD_IDENTIFIER,2,,0,0,,,2
2640,FIELD_IDENTIFIER,2,,avail_out,avail_out,,,2
2650,FIELD_IDENTIFIER,2,,1,1,,,2
2657,FIELD_IDENTIFIER,2,,0,0,,,2
2661,FIELD_IDENTIFIER,2,,next_out,next_out,,,2
2671,FIELD_IDENTIFIER,2,,0,0,,,2
2675,FIELD_IDENTIFIER,2,,avail_out,avail_out,,,2
2685,FIELD_IDENTIFIER,2,,bufferSize,bufferSize,,,2
2707,FIELD_IDENTIFIER,2,,2,2,,,2
2714,FIELD_IDENTIFIER,2,,1,1,,,2
2724,FIELD_IDENTIFIER,2,,2,2,,,2
2734,FIELD_IDENTIFIER,2,,1,1,,,2
2744,FIELD_IDENTIFIER,2,,c,c,,,2
2749,FIELD_IDENTIFIER,2,,16,16,,,2
2768,FIELD_IDENTIFIER,2,,3,3,,,2
2773,FIELD_IDENTIFIER,2,,list,list,,,2
2777,FIELD_IDENTIFIER,2,,0,0,,,2
2787,FIELD_IDENTIFIER,2,,link,link,,,2
2791,FIELD_IDENTIFIER,2,,0,0,,,2
2800,FIELD_IDENTIFIER,2,,3,3,,,2
2805,FIELD_IDENTIFIER,2,,list,list,,,2
2809,FIELD_IDENTIFIER,2,,1,1,,,2
2818,FIELD_IDENTIFIER,2,,link,link,,,2
2822,FIELD_IDENTIFIER,2,,1,1,,,2
2831,FIELD_IDENTIFIER,2,,3,3,,,2
2836,FIELD_IDENTIFIER,2,,list,list,,,2
2840,FIELD_IDENTIFIER,2,,1,1,,,2
2849,FIELD_IDENTIFIER,2,,link,link,,,2
2853,FIELD_IDENTIFIER,2,,0,0,,,2
2863,FIELD_IDENTIFIER,2,,3,3,,,2
2868,FIELD_IDENTIFIER,2,,list,list,,,2
2872,FIELD_IDENTIFIER,2,,1,1,,,2
2882,FIELD_IDENTIFIER,2,,bufferSize,bufferSize,,,2
2892,FIELD_IDENTIFIER,2,,0,0,,,2
2896,FIELD_IDENTIFIER,2,,avail_out,avail_out,,,2
2906,FIELD_IDENTIFIER,2,,next,next,,,2
2913,FIELD_IDENTIFIER,2,,3,3,,,2
2933,FIELD_IDENTIFIER,2,,0,0,,,2
2953,FIELD_IDENTIFIER,2,,r,r,,,2
2958,FIELD_IDENTIFIER,2,,pool,pool,,,2
2974,FIELD_IDENTIFIER,2,,6,6,,,2
2983,FIELD_IDENTIFIER,2,,0,0,,,2
2987,FIELD_IDENTIFIER,2,,avail_in,avail_in,,,2
2998,FIELD_IDENTIFIER,2,,7,7,,,2
3007,FIELD_IDENTIFIER,2,,0,0,,,2
3011,FIELD_IDENTIFIER,2,,avail_in,avail_in,,,2
3023,FIELD_IDENTIFIER,2,,0,0,,,2
3027,FIELD_IDENTIFIER,2,,avail_in,avail_in,,,2
3037,FIELD_IDENTIFIER,2,,7,7,,,2
3057,FIELD_IDENTIFIER,2,,link,link,,,2
3061,FIELD_IDENTIFIER,2,,0,0,,,2
3070,FIELD_IDENTIFIER,2,,link,link,,,2
3074,FIELD_IDENTIFIER,2,,1,1,,,2
3082,FIELD_IDENTIFIER,2,,link,link,,,2
3086,FIELD_IDENTIFIER,2,,0,0,,,2
3095,FIELD_IDENTIFIER,2,,link,link,,,2
3099,FIELD_IDENTIFIER,2,,1,1,,,2
3108,FIELD_IDENTIFIER,2,,link,link,,,2
3112,FIELD_IDENTIFIER,2,,0,0,,,2
3120,FIELD_IDENTIFIER,2,,link,link,,,2
3124,FIELD_IDENTIFIER,2,,1,1,,,2
3267,FIELD_IDENTIFIER,2,,content_encoding,content_encoding,,,2
3332,FIELD_IDENTIFIER,2,,content_encoding,content_encoding,,,2
3353,FIELD_IDENTIFIER,2,,pool,pool,,,2
3416,FIELD_IDENTIFIER,2,,content_encoding,content_encoding,,,2
3507,FIELD_IDENTIFIER,2,,content_encoding,content_encoding,,,2
3551,FIELD_IDENTIFIER,2,,content_encoding,content_encoding,,,2
3568,FIELD_IDENTIFIER,2,,content_encoding,content_encoding,,,2
3778,FIELD_IDENTIFIER,2,,headers_out,headers_out,,,2
3854,FIELD_IDENTIFIER,2,,pool,pool,,,2
4064,FIELD_IDENTIFIER,2,,0,0,,,2
4068,FIELD_IDENTIFIER,2,,avail_out,avail_out,,,2
4078,FIELD_IDENTIFIER,2,,bufferSize,bufferSize,,,2
4111,FIELD_IDENTIFIER,2,,2,2,,,2
4118,FIELD_IDENTIFIER,2,,1,1,,,2
4129,FIELD_IDENTIFIER,2,,2,2,,,2
4145,FIELD_IDENTIFIER,2,,1,1,,,2
4168,FIELD_IDENTIFIER,2,,3,3,,,2
4173,FIELD_IDENTIFIER,2,,list,list,,,2
4177,FIELD_IDENTIFIER,2,,0,0,,,2
4187,FIELD_IDENTIFIER,2,,link,link,,,2
4191,FIELD_IDENTIFIER,2,,0,0,,,2
4200,FIELD_IDENTIFIER,2,,3,3,,,2
4205,FIELD_IDENTIFIER,2,,list,list,,,2
4209,FIELD_IDENTIFIER,2,,1,1,,,2
4218,FIELD_IDENTIFIER,2,,link,link,,,2
4222,FIELD_IDENTIFIER,2,,1,1,,,2
4231,FIELD_IDENTIFIER,2,,3,3,,,2
4236,FIELD_IDENTIFIER,2,,list,list,,,2
4240,FIELD_IDENTIFIER,2,,1,1,,,2
4249,FIELD_IDENTIFIER,2,,link,link,,,2
4253,FIELD_IDENTIFIER,2,,0,0,,,2
4263,FIELD_IDENTIFIER,2,,3,3,,,2
4268,FIELD_IDENTIFIER,2,,list,list,,,2
4272,FIELD_IDENTIFIER,2,,1,1,,,2
4280,FIELD_IDENTIFIER,2,,1,1,,,2
4287,FIELD_IDENTIFIER,2,,0,0,,,2
4291,FIELD_IDENTIFIER,2,,next_out,next_out,,,2
4301,FIELD_IDENTIFIER,2,,bufferSize,bufferSize,,,2
4311,FIELD_IDENTIFIER,2,,0,0,,,2
4315,FIELD_IDENTIFIER,2,,avail_out,avail_out,,,2
4333,FIELD_IDENTIFIER,2,,0,0,,,2
4357,FIELD_IDENTIFIER,2,,0,0,,,2
4361,FIELD_IDENTIFIER,2,,avail_out,avail_out,,,2
