968,UNKNOWN,1,,deflate_ctx_t*,,<empty>,,,1,<empty>,<empty>
995,UNKNOWN,1,,apr_bucket*,,<empty>,,,1,<empty>,<empty>
996,UNKNOWN,1,,i8*,,<empty>,,,1,<empty>,<empty>
1014,UNKNOWN,1,,i64,,<empty>,,,1,<empty>,<empty>
1024,UNKNOWN,1,,deflate_filter_config_t*,,<empty>,,,1,<empty>,<empty>
1025,UNKNOWN,1,,i8**,,<empty>,,,1,<empty>,<empty>
1150,UNKNOWN,1,,deflate_ctx_t*,,<empty>,,,1,<empty>,<empty>
1156,UNKNOWN,1,,i8*,,<empty>,,,1,<empty>,<empty>
1157,UNKNOWN,1,,deflate_ctx_t*,,<empty>,,,1,<empty>,<empty>
1301,UNKNOWN,1,,i32,,<empty>,,,1,<empty>,<empty>
1359,UNKNOWN,1,,apr_bucket*,,<empty>,,,1,<empty>,<empty>
1360,UNKNOWN,1,,i8*,,<empty>,,,1,<empty>,<empty>
1534,UNKNOWN,55,,noop,,<empty>,,,55,<empty>,<empty>
1659,UNKNOWN,1,,apr_bucket*,,<empty>,,,1,<empty>,<empty>
1660,UNKNOWN,1,,i8*,,<empty>,,,1,<empty>,<empty>
1897,UNKNOWN,1,,apr_bucket*,,<empty>,,,1,<empty>,<empty>
1898,UNKNOWN,1,,i8*,,<empty>,,,1,<empty>,<empty>
2023,UNKNOWN,1,,i32,,<empty>,,,1,<empty>,<empty>
2064,UNKNOWN,1,,i32,,<empty>,,,1,<empty>,<empty>
2077,UNKNOWN,1,,i32,,<empty>,,,1,<empty>,<empty>
2096,UNKNOWN,1,,i32,,<empty>,,,1,<empty>,<empty>
2105,UNKNOWN,1,,i32,,<empty>,,,1,<empty>,<empty>
2121,UNKNOWN,1,,i32,,<empty>,,,1,<empty>,<empty>
2130,UNKNOWN,1,,i32,,<empty>,,,1,<empty>,<empty>
2185,UNKNOWN,1,,i32,,<empty>,,,1,<empty>,<empty>
2198,UNKNOWN,1,,i32,,<empty>,,,1,<empty>,<empty>
2232,UNKNOWN,1,,i64,,<empty>,,,1,<empty>,<empty>
2244,UNKNOWN,1,,i64,,<empty>,,,1,<empty>,<empty>
2257,UNKNOWN,1,,i64,,<empty>,,,1,<empty>,<empty>
2316,UNKNOWN,1,,i32,,<empty>,,,1,<empty>,<empty>
2330,UNKNOWN,142,,noop,,<empty>,,,142,<empty>,<empty>
2375,UNKNOWN,1,,i32,,<empty>,,,1,<empty>,<empty>
2389,UNKNOWN,155,,noop,,<empty>,,,155,<empty>,<empty>
2433,UNKNOWN,1,,i32,,<empty>,,,1,<empty>,<empty>
2489,UNKNOWN,1,,i64,,<empty>,,,1,<empty>,<empty>
2510,UNKNOWN,1,,i64,,<empty>,,,1,<empty>,<empty>
2529,UNKNOWN,1,,i64,,<empty>,,,1,<empty>,<empty>
2550,UNKNOWN,1,,i32,,<empty>,,,1,<empty>,<empty>
2666,UNKNOWN,1,,i64,,<empty>,,,1,<empty>,<empty>
2696,UNKNOWN,1,,i32,,<empty>,,,1,<empty>,<empty>
2762,UNKNOWN,1,,apr_bucket*,,<empty>,,,1,<empty>,<empty>
2763,UNKNOWN,1,,i8*,,<empty>,,,1,<empty>,<empty>
2877,UNKNOWN,1,,i32,,<empty>,,,1,<empty>,<empty>
3018,UNKNOWN,1,,i64,,<empty>,,,1,<empty>,<empty>
3284,UNKNOWN,1,,i32,,<empty>,,,1,<empty>,<empty>
3431,UNKNOWN,1,,i32,,<empty>,,,1,<empty>,<empty>
3438,UNKNOWN,1,,i64,,<empty>,,,1,<empty>,<empty>
3443,UNKNOWN,1,,i32,,<empty>,,,1,<empty>,<empty>
3640,UNKNOWN,1,,i64,,<empty>,,,1,<empty>,<empty>
3649,UNKNOWN,1,,i64,,<empty>,,,1,<empty>,<empty>
3668,UNKNOWN,1,,i64,,<empty>,,,1,<empty>,<empty>
3687,UNKNOWN,1,,i64,,<empty>,,,1,<empty>,<empty>
3814,UNKNOWN,1,,i32,,<empty>,,,1,<empty>,<empty>
4059,UNKNOWN,1,,i64,,<empty>,,,1,<empty>,<empty>
4085,UNKNOWN,1,,i32,,<empty>,,,1,<empty>,<empty>
4134,UNKNOWN,1,,i64,,<empty>,,,1,<empty>,<empty>
4162,UNKNOWN,1,,apr_bucket*,,<empty>,,,1,<empty>,<empty>
4163,UNKNOWN,1,,i8*,,<empty>,,,1,<empty>,<empty>
4296,UNKNOWN,1,,i32,,<empty>,,,1,<empty>,<empty>
4382,UNKNOWN,1,,i32,,<empty>,,,1,<empty>,<empty>
