779,BLOCK,0,,<empty>,,,,0,void
785,BLOCK,0,,<empty>,,,,0,i32
3137,BLOCK,0,,<empty>,,,,0,i32
3141,BLOCK,0,,<empty>,,,,0,i8*
3146,BLOCK,0,,<empty>,,,,0,i32
3577,BLOCK,0,,<empty>,,,,0,i8*
3582,BLOCK,0,,<empty>,,,,0,i8*
3588,BLOCK,0,,<empty>,,,,0,apr_bucket_brigade*
3593,BLOCK,0,,<empty>,,,,0,i32
3600,BLOCK,0,,<empty>,,,,0,i32
3604,BLOCK,0,,<empty>,,,,0,i32
3609,BLOCK,0,,<empty>,,,,0,i64
3615,BLOCK,0,,<empty>,,,,0,apr_bucket*
3622,BLOCK,0,,<empty>,,,,0,i64
3709,BLOCK,0,,<empty>,,,,0,i32
3714,BLOCK,0,,<empty>,,,,0,i8*
3719,BLOCK,0,,<empty>,,,,0,i8*
3724,BLOCK,0,,<empty>,,,,0,i8*
3729,BLOCK,0,,<empty>,,,,0,i16**
3732,BLOCK,0,,<empty>,,,,0,i32
3737,BLOCK,0,,<empty>,,,,0,void
3988,BLOCK,0,,<empty>,,,,0,i32
4408,BLOCK,0,,<empty>,,,,0,i64
4559,BLOCK,1,,<empty>,,,,1,ANY
4564,BLOCK,1,,<empty>,,,,1,ANY
4569,BLOCK,1,,<empty>,,,,1,ANY
4574,BLOCK,1,,<empty>,,,,1,ANY
4579,BLOCK,1,,<empty>,,,,1,ANY
4584,BLOCK,1,,<empty>,,,,1,ANY
4588,BLOCK,1,,<empty>,,,,1,ANY
4593,BLOCK,1,,<empty>,,,,1,ANY
4598,BLOCK,1,,<empty>,,,,1,ANY
4603,BLOCK,1,,<empty>,,,,1,ANY
4608,BLOCK,1,,<empty>,,,,1,ANY
4613,BLOCK,1,,<empty>,,,,1,ANY
4618,BLOCK,1,,<empty>,,,,1,ANY
4623,BLOCK,1,,<empty>,,,,1,ANY
4628,BLOCK,1,,<empty>,,,,1,ANY
4633,BLOCK,1,,<empty>,,,,1,ANY
4638,BLOCK,1,,<empty>,,,,1,ANY
4644,BLOCK,1,,<empty>,,,,1,ANY
